{
  "project_info": {
    "project_number": "768286901319",
    "firebase_url": "https://ifts-11.firebaseio.com",
    "project_id": "ifts-11",
    "storage_bucket": "ifts-11.appspot.com"
  },
  "client": [
    {
      "client_info": {
        "mobilesdk_app_id": "1:768286901319:android:55c573b93aaef5cad35d62",
        "android_client_info": {
          "package_name": "com.ifts11.notas"
        }
      },
      "oauth_client": [
        {
          "client_id": "768286901319-laak89rte2jusanvh5ejujvphovrg22k.apps.googleusercontent.com",
          "client_type": 3
        }
      ],
      "api_key": [
        {
          "current_key": "AIzaSyA5yEtgIoib_wsdBllKojpbgMzi77jEhp8"
        }
      ],
      "services": {
        "appinvite_service": {
          "other_platform_oauth_client": [
            {
              "client_id": "768286901319-laak89rte2jusanvh5ejujvphovrg22k.apps.googleusercontent.com",
              "client_type": 3
            }
          ]
        }
      }
    }
  ],
  "configuration_version": "1"
}